"","X1","LOCATION","TIME","gdp","tigs","neet","unemp","inflation"
"1",1,"AUS",1997,4.16705708699755,10.522018921385,16.034595,8.36223009500942,0.2
"2",2,"AUS",1998,4.98609778949294,7.2112627096549,14.880802,7.67559744144404,0.9
"3",3,"AUS",1999,4.2072926534353,8.4081771610143,13.637552,6.87233376065081,1.4
"4",4,"AUS",2000,3.31101661328453,7.65210369295878,13.19296,6.28261913416262,4.5
"5",5,"AUS",2001,2.69581958835254,-4.63066504601493,12.979,6.74231454361411,4.4
"6",6,"AUS",2002,4.00188430506237,11.1333644070266,12.743526,6.36761733935463,3
"7",7,"AUS",2003,2.89351997206949,11.0088797142763,12.591039,5.92869790539199,2.8
"8",8,"AUS",2004,3.96540795294857,15.546595511057,12.322674,5.39472577382596,2.3
"9",9,"AUS",2005,3.06311566378594,9.06099760382979,11.442005,5.03248019704151,2.7
"10",10,"AUS",2006,2.75769788346657,8.72746692650756,11.395142,4.78229229087003,3.5
"11",11,"AUS",2007,4.42941106480718,13.3398536799745,10.529561,4.37695416378443,2.4
"12",12,"AUS",2008,2.54077460966277,10.3442245918154,10.411158,4.23415838568051,4.3
"13",13,"AUS",2009,1.88961031790727,-8.04469004292618,12.320885,5.56066622330351,1.8
"14",14,"AUS",2010,2.44615797273821,15.5851113650413,11.827723,5.21132624373221,2.9
"15",15,"AUS",2011,2.73221948203925,10.6076223445289,11.516515,5.08109169075672,3.3
"16",16,"AUS",2012,3.93031508681344,5.69511194467245,11.717311,5.22357558948925,1.7
"17",17,"AUS",2013,2.10024008228556,-2.0303653714989,13.015899,5.66197573827318,2.5
"18",18,"AUS",2014,2.55055407668341,-1.36096968736477,12.647472,6.07675791972096,2.5
"19",19,"AUS",2015,2.29159372427296,1.73580228494704,11.83161,6.05421050754285,1.5
"20",20,"AUS",2016,2.75835911513738,0.336725024817255,11.35215,5.70990143405636,1.3
"21",21,"AUS",2017,2.50122799525333,7.8381386563833,10.946128,5.59112576332437,2
"22",22,"AUS",2018,2.77410455163495,4.15848913006652,10.842403,5.29826276653533,1.9
"23",23,"AUT",2004,2.5068273880631,8.02581411732299,12.389748,5.48843187660668,2
"24",24,"AUT",2005,2.43227874718511,5.62216358982658,11.440991,5.62715236374397,2.1
"25",25,"AUT",2006,3.69448163829186,6.01588117589252,11.958549,5.24249722922227,1.7
"26",26,"AUT",2007,3.588965836642,5.34737343276025,11.302896,4.85820633130858,2.2
"27",27,"AUT",2008,1.17028587144359,0.885911427029535,10.652842,4.1274108568068,3.2
"28",28,"AUT",2009,-3.55186368363574,-11.6445959077038,11.419484,5.3018322770888,0.4
"29",29,"AUT",2010,1.82349995962676,11.7669569638074,11.712417,4.82035484730903,1.7
"30",30,"AUT",2011,3.0550888361009,5.97599494715991,10.265295,4.56405395380601,3.5
"31",31,"AUT",2012,0.603211051519286,0.904970125173291,10.286999,4.86447142399628,2.6
"32",32,"AUT",2013,-0.044636425746527,0.809530293688502,10.680032,5.33492464339664,2.1
"33",33,"AUT",2014,0.7717076784524,2.96389184993507,11.552073,5.61847389558232,1.5
"34",34,"AUT",2015,0.976059640406189,3.64972089012602,10.438811,5.72209406711288,0.8
"35",35,"AUT",2016,2.11224957947485,3.65682570903086,10.861573,6.0135515085379,1
"36",36,"AUT",2017,2.6272571523054,4.92182766252455,10.806797,5.49924029855713,2.2
"37",37,"AUT",2018,2.3035784303022,4.49881542964174,11.101415,4.84787733251084,2.1
"38",38,"BEL",1997,3.79360159425736,8.2410954133917,15.246123,9.21706416502457,1.5
"39",39,"BEL",1998,1.96283599739573,5.05374305591461,15.449347,9.34119674203131,0.9
"40",40,"BEL",1999,3.54191032503347,3.36968053109928,14.318655,8.42584885199401,1.1
"41",41,"BEL",2000,3.72437662235507,13.3715640011004,12.918994,6.85780440765975,2.7
"42",42,"BEL",2001,1.09263427389265,-1.07137524264596,11.738148,6.56995147962516,2.4
"43",43,"BEL",2002,1.70645494262807,1.06222406701634,13.997588,7.52562293976155,1.5
"44",44,"BEL",2003,1.03790813421409,1.46504247176328,14.364562,8.17540093902743,1.5
"45",45,"BEL",2004,3.57025015402854,6.25623852915607,13.9872,8.38532133316481,1.9
"46",46,"BEL",2005,2.32706317522611,6.65974025974026,14.18948,8.47499066936352,2.5
"47",47,"BEL",2006,2.55269320843091,5.14035002272875,13.903902,8.2666860649524,2.3
"48",48,"BEL",2007,3.6723399110729,5.41171747430023,12.734346,7.49169036569551,1.8
"49",49,"BEL",2008,0.445470659576453,3.7371643693146,12.107311,6.96832916284236,4.5
"50",50,"BEL",2009,-2.01804423598373,-10.763115439876,12.740355,7.90842126535053,0
"51",51,"BEL",2010,2.86428231006817,9.68811317171973,14.208397,8.30823716313388,2.3
"52",52,"BEL",2011,1.69431652668952,5.62476106667051,13.893257,7.1423556820032,3.4
"53",53,"BEL",2012,0.739280805884041,-0.674702086249872,14.955427,7.55195808050236,2.6
"54",54,"BEL",2013,0.459253151431106,-0.21382359209884,14.977997,8.45005522894901,1.2
"55",55,"BEL",2014,1.57839886781093,5.5279186418256,15.014685,8.54994818715593,0.5
"56",56,"BEL",2015,2.03281594714972,3.91390646321796,13.80891,8.4839971490045,0.6
"57",57,"BEL",2016,1.47827818987718,7.52889506042908,12.989787,7.84186281432343,1.8
"58",58,"BEL",2017,1.90393533572498,4.40702131637996,13.241013,7.11703977092924,2.2
"59",59,"BEL",2018,1.4875427001337,2.08839364667167,12.750292,5.95811006732837,2.3
"60",60,"CAN",1997,4.2800400775141,14.3595085077601,15.791224,9.08950197569028,1.6
"61",61,"CAN",1998,3.89615183927225,5.29777597716718,15.126329,8.28314121586256,1
"62",62,"CAN",1999,5.16291359758597,8.05528397858586,14.063276,7.56140908055601,1.7
"63",63,"CAN",2000,5.17763568884522,8.48712164090463,13.706755,6.83735383191722,2.7
"64",64,"CAN",2001,1.78997283607414,-4.90657496231034,13.080444,7.22786563187672,2.5
"65",65,"CAN",2002,3.01805054641656,1.86194497426182,13.51176,7.67051660594615,2.3
"66",66,"CAN",2003,1.80151809769703,4.23317851568501,12.872084,7.58013835202574,2.8
"67",67,"CAN",2004,3.08698081808454,8.50600185344221,12.98391,7.15630372645997,1.9
"68",68,"CAN",2005,3.20420042908284,7.34933677943829,12.332651,6.75168492169157,2.2
"69",69,"CAN",2006,2.63430381242517,5.32058912045353,12.016768,6.30823959857133,2
"70",70,"CAN",2007,2.07182504628009,5.77488094137515,12.087744,6.03255115701968,2.1
"71",71,"CAN",2008,1.00428918651197,0.895139828207187,11.916313,6.14727443496628,2.4
"72",72,"CAN",2009,-2.92595561139426,-12.3946012101694,13.361357,8.346803257249,0.3
"73",73,"CAN",2010,3.08991945423415,13.7883808892294,13.668851,8.02241595259897,1.8
"74",74,"CAN",2011,3.14610049466808,5.59403058040309,13.359964,7.50709185105032,2.9
"75",75,"CAN",2012,1.76096156036359,3.70856747784933,13.399941,7.31204058707442,1.5
"76",76,"CAN",2013,2.32912252127708,2.07736061391493,12.478057,7.09200547195621,0.9
"77",77,"CAN",2014,2.8700360407459,2.53090623079923,13.413209,6.91654760171661,1.9
"78",78,"CAN",2015,0.659176888685086,0.751343161220297,13.261124,6.90422835310974,1.1
"79",79,"CAN",2016,1.0013944267607,0.0507462230081202,13.088084,6.99585161475865,1.4
"80",80,"CAN",2017,3.17072986759189,4.2402083521876,12.175824,6.32897606717141,1.6
"81",81,"CAN",2018,2.01363921483684,2.60152631932317,11.947031,5.83763816534256,2.3
"82",82,"CHE",1997,2.3277398213875,10.5320772927861,10.2391,4.75301742013829,0.5
"83",83,"CHE",1998,2.93205520077144,4.60116567303936,9.5068359,4.04467363804706,0
"84",84,"CHE",1999,1.6545301740461,3.53028918354815,8.7461214,3.43508839721527,0.8
"85",85,"CHE",2000,4.0705331021222,8.03905709437699,8.3455429,3.13412660083018,1.6
"86",86,"CHE",2001,1.28740629054518,0.398304527026598,8.8594475,2.7731293572803,1
"87",87,"CHE",2002,0.181527993816089,-2.03247722755073,9.5061941,3.52230559425257,0.6
"88",88,"CHE",2003,0.0760925323177352,0.553901109435994,11.43031,4.76406786925181,0.6
"89",89,"CHE",2004,2.62386051535132,3.61015120194679,10.187387,5.05792778476842,0.8
"90",90,"CHE",2005,3.15987631805269,9.74390079586373,10.43501,5.06205150152237,1.2
"91",91,"CHE",2006,4.07572171249445,3.18001186528001,9.9827404,4.58168830762988,1.1
"92",92,"CHE",2007,4.10546678863574,6.0774555907481,10.171865,4.15723989344565,0.7
"93",93,"CHE",2008,2.11225983408314,4.77746015848555,9.5564461,3.89071423011775,2.4
"94",94,"CHE",2009,-2.22810927058585,-3.78989166047435,10.703157,4.76269717612921,-0.5
"95",95,"CHE",2017,1.86488612000781,-0.481874201538615,8.4002142,4.79268006518659,0.5
"96",96,"CHE",2018,2.74438202947013,-0.276639090617793,8.0663462,4.72209006829143,0.9
"97",97,"CHL",2009,-1.56439069093643,-16.6729452043664,23.598259,9.88913220149625,1.5
"98",98,"CHL",2011,6.02845203095117,15.3116875171975,21.754675,7.32010439750767,3.3
"99",99,"CHL",2013,4.08104728469664,2.11532161037945,18.750889,6.12908579941356,1.8
"100",100,"CHL",2015,2.2567087897567,-1.22553178315314,17.971138,6.36726802906998,4.3
"101",101,"CHL",2017,1.4084391035855,4.60770540107002,18.409889,6.97162392398926,2.2
"102",102,"CZE",1997,-0.617441985765747,5.79408933223824,15.538901,4.80224644380475,8.6
"103",103,"CZE",1998,-0.319316888901664,5.51065732308261,16.299702,6.47219849752053,10.7
"104",104,"CZE",1999,1.28238120215755,4.56040273865973,19.010744,8.74778958142901,2.2
"105",105,"CZE",2000,4.59534158905231,15.0719281456381,18.549856,8.81534739556204,3.8
"106",106,"CZE",2001,2.89673702747989,11.2061103183877,17.424421,8.15826234622355,4.7
"107",107,"CZE",2002,1.56933276317424,4.73151832677003,16.904242,7.30553056283282,1.9
"108",108,"CZE",2003,3.59795672244777,8.63436803870511,16.877514,7.80483471869225,0.1
"109",109,"CZE",2004,4.76129253177137,25.7299688293496,17.177551,8.3138198437323,2.7
"110",110,"CZE",2005,6.60479380979807,12.9632359089834,15.895577,7.91874003676852,1.9
"111",111,"CZE",2006,7.03195704258583,11.7900462686822,14.068305,7.13648320460674,2.5
"112",112,"CZE",2007,5.58793390291179,12.8440917663794,11.74424,5.30627997693763,2.9
"113",113,"CZE",2008,2.51051437216339,2.95454305586339,10.876886,4.37670274600154,6.3
"114",114,"CZE",2009,-4.66208034451286,-10.7966916935593,12.826308,6.7028162070275,1
"115",115,"CZE",2010,2.12305022643031,14.4414616095357,13.236864,7.28398204279177,1.5
"116",116,"CZE",2011,1.78002418704722,6.70701900046233,12.748866,6.70701230392469,1.9
"117",117,"CZE",2012,-0.725207854693312,2.78007503725701,13.418057,6.97517384283575,3.3
"118",118,"CZE",2013,-0.485103482658987,0.0767652809971869,13.244039,6.94925634172022,1.4
"119",119,"CZE",2014,2.71499340352657,10.0639451754201,12.489656,6.11043270542244,0.4
"120",120,"CZE",2015,5.38481558468751,6.91007197354342,12.232547,5.02158959306969,0.3
"121",121,"CZE",2016,2.35762509223347,2.63345974918779,11.624346,3.94715049813936,0.7
"122",122,"CZE",2017,4.54725420051445,6.25926518520673,10.906657,2.89031113555303,2.5
"123",123,"CZE",2018,2.82643818945022,5.91012287600637,9.991457,2.2424086773783,2.2
"124",124,"DEU",1997,1.86032670191712,9.29796103540368,14.311419,9.63737201365188,1.5
"125",125,"DEU",1999,1.74734846849514,8.61396355582402,13.219603,8.56306726609551,0.7
"126",126,"DEU",2000,3.14388450251396,11.2802339765924,13.309676,7.94656910707449,1.4
"127",127,"DEU",2001,1.81042791433877,1.15095030000863,13.089443,7.79896381858332,1.9
"128",128,"DEU",2002,-0.166167100684256,-2.56892120014352,12.621109,8.60897626427752,1.3
"129",129,"DEU",2003,-0.718352091974971,5.60111805029415,12.862095,9.69458044551834,1.1
"130",130,"DEU",2004,0.708834908673007,6.91159278198756,13.454344,10.3307179616975,1.8
"131",131,"DEU",2005,0.902350599022627,6.21011317364789,14.703324,11.0205778424444,1.9
"132",132,"DEU",2006,3.99988843456114,11.5295106789225,13.602721,10.0420393191279,1.8
"133",133,"DEU",2007,3.08072742448807,6.49522859412806,12.578499,8.57740156996167,2.3
"134",134,"DEU",2008,0.693873216044798,1.84503643764167,11.645081,7.40771107057209,2.7
"135",135,"DEU",2009,-5.64125107554455,-9.72012677430968,11.639909,7.64745734874458,0.2
"136",136,"DEU",2010,4.04346700776089,12.6393979208446,11.974542,6.95157514272806,1.1
"137",137,"DEU",2011,3.99008409626618,7.44817241312273,10.998944,5.85787646903609,2.5
"138",138,"DEU",2012,0.617112744418284,0.538414657372491,9.9439726,5.38062248793197,2.1
"139",139,"DEU",2013,0.545551650472022,2.79908389484871,9.6834126,5.23816203434664,1.6
"140",140,"DEU",2014,2.20919365887911,3.87183205783331,9.1729298,5.00855993948321,0.8
"141",141,"DEU",2015,1.49341256892712,5.37207676777712,8.5675774,4.63161234039178,0.7
"142",142,"DEU",2016,2.14467008849242,4.2364320529333,9.6113749,4.16018360043566,0.4
"143",143,"DEU",2017,2.76847138011856,5.67210586035769,9.3432322,3.75625882034527,1.7
"144",144,"DEU",2018,1.54480215788283,3.74827374588164,9.1876764,3.3985919567943,2
"145",145,"DNK",1997,3.26678765880218,9.20888445220863,5.89746,5.5475447186486,1.9
"146",146,"DNK",1998,2.21961856408254,7.56398537477148,5.6797938,5.16343020546914,1.3
"147",147,"DNK",1999,2.94829342842588,2.52814956447844,6.5008025,5.42162951715375,2
"148",148,"DNK",2000,3.74219088266221,13.69664318276,5.8439384,4.57585959707486,2.8
"149",149,"DNK",2001,0.82279990460291,2.40568616730454,6.1843839,4.8111662990567,2.3
"150",150,"DNK",2002,0.467179183914843,6.35344367325147,5.5828538,4.88157121893721,2.4
"151",151,"DNK",2003,0.388486667843899,-1.02074966532798,8.8914499,5.76047669491304,2
"152",152,"DNK",2004,2.66783934330108,7.13440405748098,8.6064711,5.84603852063649,0.9
"153",153,"DNK",2005,2.33580810965163,11.3302824680448,8.2216225,5.10931300964297,1.7
"154",154,"DNK",2006,3.91762933199397,13.9333805811481,6.2267218,4.13381604269295,1.8
"155",155,"DNK",2007,0.912947747167177,5.84722567802936,7.056663,4.02562577403524,1.7
"156",156,"DNK",2008,-0.516204566015646,4.76022566995769,6.8834858,3.70962675272009,3.6
"157",157,"DNK",2009,-4.90531721407938,-11.9376192078986,9.0299015,6.39724849527084,1
"158",158,"DNK",2010,1.86758170669967,0.547840489234297,10.509725,7.75093097774314,2.2
"159",159,"DNK",2011,1.34187420619581,7.42524075012671,10.98246,7.74584837545126,2.7
"160",160,"DNK",2012,0.223408892763731,2.72469922151451,11.966269,7.79911116275016,2.4
"161",161,"DNK",2013,0.935138367857337,1.46974394304742,11.71459,7.37738499356198,0.5
"162",162,"DNK",2014,1.61055750067331,3.89272377503678,10.736768,6.86362974821714,0.4
"163",163,"DNK",2015,2.34838846480068,4.56377300947609,10.506375,6.29211541784253,0.2
"164",164,"DNK",2016,3.24752680374994,3.65625,8.1878567,6.01356528648862,0
"165",165,"DNK",2017,2.03672117989365,4.26087830368807,11.764258,5.81235054156703,1.1
"166",166,"DNK",2018,2.38938053097345,3.56626506024096,10.816591,5.10337900053014,0.7
"167",167,"ESP",1997,3.70258532159758,12.8882953303088,23.224657,16.8898013078207,1.9
"168",168,"ESP",1998,4.39330543933054,14.0421484823531,20.992861,15.1738235611517,1.8
"169",169,"ESP",1999,4.49048567354144,13.6901735044647,19.29122,12.6703699991543,2.2
"170",170,"ESP",2000,5.24574788521545,9.57088033492267,15.645872,11.1936657710965,3.5
"171",171,"ESP",2001,3.93306758706732,3.65511160459155,14.66973,10.5290217683387,3.6
"172",172,"ESP",2002,2.73102223160265,3.67744933563322,14.975956,11.4503414221245,3.1
"173",173,"ESP",2003,2.98189483596208,6.03272760422997,15.021785,11.4835680394474,3
"174",174,"ESP",2004,3.12269133537059,9.6680590085475,14.651994,10.9616689426537,3
"175",175,"ESP",2005,3.65213711383834,6.95969738741858,17.13669,9.14616696348959,3.4
"176",176,"ESP",2006,4.1028243249286,8.21310774493037,15.878056,8.45214468795304,3.5
"177",177,"ESP",2007,3.60468460527111,8.24027115735763,15.614771,8.2321583246288,2.8
"178",178,"ESP",2008,0.887054253435059,-5.50776860279873,16.669403,11.254542754733,4.1
"179",179,"ESP",2009,-3.76314258989759,-18.3029025377545,22.630316,17.8567436501522,-0.3
"180",180,"ESP",2010,0.16291724917715,6.19874626785015,23.645475,19.8597238346432,1.8
"181",181,"ESP",2011,-0.814466134501924,-0.590594379017203,24.313225,21.3905163842435,3.2
"182",182,"ESP",2012,-2.95925718626688,-5.83513558476127,25.629156,24.7871496393487,2.4
"183",183,"ESP",2013,-1.43558545676537,-0.214722779980498,27.151373,26.0935419709898,1.4
"184",184,"ESP",2014,1.38390929464197,6.79841062849633,24.314959,24.441315075535,-0.2
"185",185,"ESP",2015,3.83527271465848,5.07702411466901,22.820313,22.0572789707716,-0.5
"186",186,"ESP",2016,3.03130132981941,2.64963151523242,21.675491,19.6347061974414,-0.2
"187",187,"ESP",2017,2.89194824612363,6.64654800399615,19.869802,17.2235175651803,2
"188",188,"ESP",2018,2.35074140181352,3.28147821724827,19.058907,15.2547370636454,1.7
"189",189,"EST",2003,7.77228391677272,13.9003610421598,15.123198,10.3420074349442,1.4
"190",190,"EST",2004,6.5726190470528,15.6560230036434,15.337422,10.1407083939835,3
"191",191,"EST",2005,9.31077305427666,16.9743013318888,14.763182,8.03077842522039,4.1
"192",192,"EST",2006,9.83145913622415,20.9285799871609,11.378634,5.9120768064679,4.4
"193",193,"EST",2007,7.19737653804256,13.2028574104387,13.03608,4.59194776931446,6.7
"194",194,"EST",2008,-4.56617947646677,-6.04246884897319,11.34071,5.45506953952583,10.6
"195",195,"EST",2009,-14.0657557515399,-30.5722974283096,19.014498,13.5490210350098,0.2
"196",196,"EST",2010,2.32603172669213,20.7571148070542,19.136993,16.7069951605807,2.7
"197",197,"EST",2011,7.26079123139525,27.3896199390084,15.154462,12.3251335343919,5.1
"198",198,"EST",2012,3.19007153604209,9.66414630265968,15.942339,10.0230456889929,4.2
"199",199,"EST",2013,1.25699781082173,2.54510556537958,14.799244,8.62835925149811,3.2
"200",200,"EST",2014,2.75561203147528,3.03967513884893,14.499515,7.35097864768683,0.5
"201",201,"EST",2015,2.22781462080942,-1.85654193845796,12.8484,6.18458610846812,0.1
"202",202,"EST",2016,2.70756294938987,5.96583539036642,14.530252,6.7585159470601,0.8
"203",203,"EST",2017,5.55373113190249,4.16446858071925,11.751085,5.76303927881519,3.7
"204",204,"EST",2018,4.74543292463607,5.65813086974635,12.717612,5.37029787536923,3.4
"205",205,"FIN",2003,2.00309475408841,4.10712188246349,11.6391,9.02971439561496,1.3
"206",206,"FIN",2004,3.99355130401675,8.12335464460323,12.363494,8.82012724117978,0.1
"207",207,"FIN",2005,2.77846106321757,11.1826086956522,10.900252,8.39454354669474,0.8
"208",208,"FIN",2006,4.02858637694388,6.59002033474112,10.433372,7.72280966767371,1.3
"209",209,"FIN",2007,5.29951204896631,7.38153588776543,10.148082,6.85110758014759,1.6
"210",210,"FIN",2008,0.78248454084925,7.96468642805406,9.8611488,6.36388863194903,3.9
"211",211,"FIN",2009,-8.07465628765459,-16.9959873925647,11.955111,8.24309185959671,1.6
"212",212,"FIN",2010,3.18647748898993,6.30280294018971,12.637969,8.39416058394169,1.7
"213",213,"FIN",2011,2.54753033596785,6.20741102041402,11.756824,7.78191985088537,3.3
"214",214,"FIN",2012,-1.39890948293735,1.12380798011724,11.927396,7.68587360594804,3.2
"215",215,"FIN",2013,-0.902032727597681,0.126893382844015,12.331663,8.20254110612855,2.2
"216",216,"FIN",2014,-0.364415635393404,-0.897800189431838,12.966842,8.6676618772158,1.2
"217",217,"FIN",2015,0.54462983272464,1.96128580659057,14.311735,9.37238493723858,-0.2
"218",218,"FIN",2016,2.71104592363534,5.72182982375074,13.227513,8.80901387466254,0.4
"219",219,"FIN",2017,3.09882099424159,4.06598483997053,12.605042,8.64345738295309,0.8
"220",220,"FIN",2018,1.63009780586835,5.49829003419932,11.945032,7.36688548504741,1.2
"221",221,"FRA",1997,2.31251998720819,7.99689308746027,17.738672,10.6509687589653,1.3
"222",222,"FRA",1998,3.61558391451288,11.9417815673174,17.012865,10.2495309235651,0.7
"223",223,"FRA",1999,3.29752491202064,6.56888438019557,17.148434,9.95222814189205,0.6
"224",224,"FRA",2000,4.08443562522209,16.0304192965802,14.991988,8.54428461636833,1.8
"225",225,"FRA",2001,2.00065649195469,2.34090313464979,14.479424,7.77879538544434,1.8
"226",226,"FRA",2002,1.09715476855632,1.88141454583512,14.736425,7.90116990577315,1.9
"227",227,"FRA",2003,0.845900322141459,0.913172147593798,14.11736,8.50537123273154,2.2
"228",228,"FRA",2004,2.61911787953839,5.70495382322874,14.599412,8.84966870139703,2.3
"229",229,"FRA",2005,1.71341011593389,6.47380154248387,14.519276,8.8498516510303,1.9
"230",230,"FRA",2006,2.6160028675717,5.98299973635543,15.150719,8.81282995913795,1.9
"231",231,"FRA",2007,2.41913384273342,5.72804410154541,14.470678,7.98919501295623,1.6
"232",232,"FRA",2008,0.121531897559659,0.994203769696449,14.030657,7.40070937339101,3.2
"233",233,"FRA",2009,-2.78958570024872,-9.25664553517984,15.63128,9.09313779319772,0.1
"234",234,"FRA",2010,1.84665954312253,8.536829894927,16.61404,9.24124780333004,1.7
"235",235,"FRA",2011,2.22998011689507,6.1522763059753,16.407499,9.19662405662343,2.3
"236",236,"FRA",2012,0.378843541220092,0.344980701574615,16.582481,9.76045051282263,2.2
"237",237,"FRA",2013,0.604938679713021,2.49814405985691,16.340042,10.3049970833805,1
"238",238,"FRA",2014,0.985504933392211,4.8710366094726,16.251743,10.2687619227436,0.6
"239",239,"FRA",2015,1.02901632676772,5.7104555215094,17.200922,10.3462773405846,0.1
"240",240,"FRA",2016,1.02884132738106,2.95768600370032,17.187014,10.0298527658207,0.3
"241",241,"FRA",2017,2.42668640063756,4.65878310507028,16.5467,9.40837072373641,1.2
"242",242,"FRA",2018,1.80702857330864,3.10333871693717,16.096914,9.01817839520129,2.1
"243",243,"GBR",2000,3.43734347565238,9.51432391425181,13.321187,5.45914242961077,0.8
"244",244,"GBR",2001,2.97430903653566,5.59503102863633,13.058864,5.09995291297462,1.2
"245",245,"GBR",2002,2.32449080306229,5.3081871466578,13.313821,5.1878430075239,1.3
"246",246,"GBR",2003,3.28632481330204,2.21820900162091,13.649643,5.01333692350412,1.4
"247",247,"GBR",2004,2.37396014714867,6.37046905999739,13.463719,4.75475099526778,1.3
"248",248,"GBR",2005,3.17980001325364,6.94512516110294,14.173508,4.83106129955384,2.1
"249",249,"GBR",2006,2.7882747690903,9.99130102690317,15.114338,5.42455126748677,2.3
"250",250,"GBR",2007,2.43061771093336,-2.9860477497584,14.935845,5.33226994062724,2.3
"251",251,"GBR",2008,-0.281099403673582,-1.89369913566672,14.753457,5.68677383415566,3.6
"252",252,"GBR",2009,-4.24783111402101,-7.77005595786035,15.673461,7.61430970563072,2.2
"253",253,"GBR",2010,1.94958352710412,8.08207107054095,15.931578,7.87064033663772,3.3
"254",254,"GBR",2011,1.54020643350358,1.5356370260731,15.501491,8.11053853913343,4.5
"255",255,"GBR",2012,1.47898118706579,1.82638801283938,16.287668,7.96764596504277,2.8
"256",256,"GBR",2013,2.13954166219228,3.44193564880182,15.588923,7.60826945698053,2.6
"257",257,"GBR",2014,2.6075295493374,3.62701392519367,14.401425,6.17997666206518,1.5
"258",258,"GBR",2015,2.35531396344543,5.40649123836919,13.741446,5.3848073128133,0
"259",259,"GBR",2016,1.91826019449201,4.39403037027368,13.19285,4.89337637726861,0.7
"260",260,"GBR",2017,1.89207798833162,3.50370609947618,12.191374,4.40234692432138,2.7
"261",261,"GBR",2018,1.34072123523412,1.99520647898486,12.601758,4.08051627401554,2.5
"262",262,"GRC",1997,4.48417808131109,8.43772218621237,21.778004,10.2757723096357,5.4
"263",263,"GRC",1998,3.89493947944411,18.1618535770994,23.410681,11.1742060517781,4.5
"264",264,"GRC",1999,3.07257559605394,14.486278092861,21.763514,12.1837872661217,2.1
"265",265,"GRC",2000,3.91975632926632,20.1802468174563,21.521215,11.5810792590466,2.9
"266",266,"GRC",2001,4.13161995204877,0.99139313329464,19.79446,10.7923787284469,3.6
"267",267,"GRC",2002,3.9228854199274,-3.43220508872798,20.13822,10.3550109298806,3.9
"268",268,"GRC",2003,5.79451467533341,7.393370910794,19.378819,9.79418026969483,3.4
"269",269,"GRC",2004,5.06101989442199,4.41767751433542,20.396984,10.5912007332722,3
"270",270,"GRC",2005,0.599126155785934,0.854093264555591,19.547388,9.99675923112759,3.5
"271",271,"GRC",2006,5.6524265126673,13.3098184103638,16.701204,9.00823498083194,3.3
"272",272,"GRC",2007,3.27375913868475,15.4993883031114,16.5748,8.39655587668594,3
"273",273,"GRC",2008,-0.335153818571785,1.32066008318921,15.98409,7.76002200715238,4.2
"274",274,"GRC",2009,-4.30073747280699,-20.3539127189529,16.617811,9.61572797428925,1.3
"275",275,"GRC",2010,-5.47906882216939,-3.43063166281287,18.086546,12.7134441876072,4.7
"276",276,"GRC",2011,-9.13249221125905,-9.44862956499703,21.594868,17.8645408641306,3.1
"277",277,"GRC",2012,-7.30048478716743,-9.09952440845218,26.7388,24.4392979657776,1
"278",278,"GRC",2013,-3.24142426233503,-2.39227251895312,28.469343,27.4664244201051,-0.9
"279",279,"GRC",2014,0.739809101133842,7.67744687256944,28.306072,26.4916046085009,-1.4
"280",280,"GRC",2015,-0.437856067884328,0.404268704709077,26.14764,24.8969085567198,-1.1
"281",281,"GRC",2016,-0.190936470868453,0.253453280222547,23.541365,23.5392720073007,0
"282",282,"GRC",2017,1.50509134820549,7.07924655586345,22.752119,21.4876378871168,1.1
"283",283,"GRC",2018,1.93438549031926,4.15480898255281,21.454674,19.291911322883,0.8
"284",284,"HUN",1997,3.178896170561,24.0250998118183,23.721262,8.8060914191613,18.3
"285",285,"HUN",1998,3.85423740212033,22.5741706672737,24.232397,7.83239731129236,14.2
"286",286,"HUN",1999,2.9668676782238,13.2621581001109,22.21525,6.97051156970122,10
"287",287,"HUN",2000,4.65134807775082,23.1803751309476,20.213612,6.39206802213708,9.8
"288",288,"HUN",2001,4.11952772090188,5.84946381676151,18.859238,5.70761964092625,9.2
"289",289,"HUN",2002,4.73603210176573,8.6781661334288,19.493202,5.81771345774034,5.3
"290",290,"HUN",2003,3.99236078982976,9.43550370970636,18.831015,5.86896052163174,4.7
"291",291,"HUN",2004,4.67024108409474,17.3156463964457,17.076838,6.09280706893989,6.8
"292",292,"HUN",2005,4.29610514721145,7.86979104493349,17.243181,7.22561313329979,3.6
"293",293,"HUN",2006,4.18880547636255,15.4738777082803,17.044252,7.49418415894112,3.9
"294",294,"HUN",2007,0.279810556545284,14.0477844101626,15.614381,7.41710331486268,8
"295",295,"HUN",2008,0.9129303628923,6.00573039268074,16.267965,7.83649701454847,6.1
"296",296,"HUN",2009,-6.69690698300001,-14.5390845786413,17.737835,10.0505111482205,4.2
"297",297,"HUN",2010,0.611967176550665,9.90732094504507,18.917772,11.1767834077645,4.9
"298",298,"HUN",2011,1.82827609577921,4.27843614723417,18.531004,11.0324671747346,3.9
"299",299,"HUN",2012,-1.33719902709019,-3.47257639737006,18.879009,10.9999156090851,5.7
"300",300,"HUN",2013,2.00603017088802,4.27573034759876,20.482632,10.1574562143456,1.7
"301",301,"HUN",2014,4.10300213711205,10.9603590846787,17.478123,7.71822893566372,-0.2
"302",302,"HUN",2015,3.79571571133405,6.0095305703221,15.890547,6.79479556576813,-0.1
"303",303,"HUN",2016,2.14680923817843,3.39196622818858,15.176572,5.10118993884931,0.4
"304",304,"HUN",2017,4.48658062607438,8.19620328183351,14.015918,4.14902802501308,2.4
"305",305,"HUN",2018,5.13038025880159,6.78836196359955,13.499011,3.70617506732255,2.8
"306",306,"IRL",1999,10.4930233784391,12.6311352830829,9.9441118,5.84109558660457,2.4
"307",307,"IRL",2000,9.46852456742635,21.6443531757872,8.9690275,4.47749131172715,5.3
"308",308,"IRL",2001,5.30773182569217,13.1131089140967,8.9506502,4.17794716782757,4
"309",309,"IRL",2002,5.94382694231538,5.39580500510686,10.294398,4.72708547888774,4.7
"310",310,"IRL",2003,3.04889998510713,-2.51894055279619,10.790169,4.83333753879539,4
"311",311,"IRL",2004,6.78523544922387,1.92370404057415,10.71519,4.72886996525229,2.3
"312",312,"IRL",2005,5.74198930058115,12.7635623203153,10.481543,4.62400692665005,2.2
"313",313,"IRL",2006,5.07289315064211,9.28281064338107,10.397779,4.74955567230413,2.7
"314",314,"IRL",2007,5.28991072606681,9.37352315415643,10.745055,4.97904012319275,2.9
"315",315,"IRL",2008,-4.54699345821699,-2.83581197416767,12.79305,6.78140333400451,3.1
"316",316,"IRL",2009,-5.10519402678199,-1.74792270933584,18.578489,12.5979982867243,-1.7
"317",317,"IRL",2010,1.76125186125432,0.461415409162129,20.792801,14.5442441054092,-1.6
"318",318,"IRL",2011,0.339000534003905,2.74046989131463,21.922867,15.3647029819469,1.2
"319",319,"IRL",2012,0.226425953056607,-0.944811549318109,21.089144,15.4485255264371,1.9
"320",320,"IRL",2013,1.35214194741808,1.02542640848283,19.24276,13.7342208963199,0.5
"321",321,"IRL",2014,8.52640042468677,14.4978609195328,18.034855,11.8497750393404,0.3
"322",322,"IRL",2015,25.1201684340525,32.8225588158523,16.197556,9.90880527243467,0
"323",323,"IRL",2017,8.14498470725992,1.08967841386366,13.105398,6.70833466203217,0.3
"324",324,"IRL",2018,8.31775415750403,-3.04358575612743,11.733475,5.73817551697861,0.7
"325",325,"ISL",2003,2.26813697144589,10.2518601690355,11.091541,3.33538272664559,2.1
"326",326,"ISL",2004,8.04220480779046,13.7426836378655,6.6838899,3.05142503097924,3.2
"327",327,"ISL",2005,6.33000172830664,28.8169085826079,5.466486,2.59153231881859,4
"328",328,"ISL",2006,5.24882033715968,9.82047719787788,5.0737777,2.87471395880993,6.7
"329",329,"ISL",2007,9.36532235544333,-2.26279037480007,4.6420388,2.28492773571906,5.1
"330",330,"ISL",2008,1.99198082198157,-20.3117409559643,5.5687079,2.96627387240972,12.7
"331",331,"ISL",2009,-6.77721505405042,-22.3694372965011,11.178813,7.22176194421431,12
"332",332,"ISL",2010,-3.43587559830196,4.40820807176818,11.376157,7.55211928758814,5.4
"333",333,"ISL",2011,1.88162032265693,6.77066755001626,9.7545824,7.02387562465283,4
"334",334,"ISL",2012,1.2964375901794,4.60362065041874,9.498806,6.02861508542853,5.2
"335",335,"ISL",2013,4.13385110182767,0.133728177761655,8.0591402,5.37983238713165,3.9
"336",336,"ISL",2014,2.0826231511761,9.78145761912852,8.8360205,4.93381468110697,2
"337",337,"ISL",2015,4.74898499241176,13.7853692612587,6.1519022,3.98484452573804,1.6
"338",338,"ISL",2016,6.62703663899929,14.4915093181108,5.3012023,2.99020231581614,1.7
"339",339,"ISL",2018,3.81442297521382,0.827146364942648,6.0540423,2.73284313725478,2.7
"340",340,"ISR",2002,-0.162053773260325,-1.13408924712271,31.457703,12.7915818181829,5.7
"341",341,"ISR",2003,1.09183914128855,-0.875936257681471,32.275288,13.2801673239052,0.7
"342",342,"ISR",2004,4.85788377773299,11.7627394401904,30.534721,12.8570487072924,-0.4
"343",343,"ISR",2005,4.13539351868161,3.39717782848278,30.801971,11.2983486599579,1.3
"344",344,"ISR",2006,5.60215982186165,3.37236026112778,29.988054,10.4759671470536,2.1
"345",345,"ISR",2007,6.09398818664262,11.0802882476513,29.706457,9.147672881483,0.5
"346",346,"ISR",2008,3.43665949100968,2.41043114905463,27.539165,7.72834430682654,4.6
"347",347,"ISR",2009,1.02879811577431,-13.8574794143242,28.70093,9.47656071066908,3.3
"348",348,"ISR",2010,5.3275576328279,15.4930682771229,27.796974,8.33683595009442,2.7
"349",349,"ISR",2011,5.0170170089163,10.9346378821717,27.630472,7.11051383148621,3.5
"350",350,"ISR",2012,2.10469967674091,2.08807403605068,15.659012,6.87602739977299,1.7
"351",351,"ISR",2013,4.23952877442015,1.31819571241638,14.968257,6.24107176196596,1.5
"352",352,"ISR",2014,3.98265022463767,2.24250302470157,13.846004,5.88303632508141,0.5
"353",353,"ISR",2015,2.17696597110126,0.157166295508452,14.077371,5.25154363172078,-0.6
"354",354,"ISR",2016,3.98193641464213,10.0401115291951,13.757322,4.80868809019664,-0.5
"355",355,"ISR",2017,3.56789104320416,4.87577130853995,13.562289,4.2238089780179,0.2
"356",356,"ISR",2018,3.54800884844451,6.34908216874263,13.345846,3.99063139075076,0.8
"357",357,"ITA",1998,1.64791270271292,8.81194370991598,25.690182,11.2997834824389,2
"358",358,"ITA",1999,1.57410967389546,4.26947595833462,25.341173,10.8782656441544,1.7
"359",359,"ITA",2000,4.05563138885082,11.9273858300685,23.294792,9.98588915289761,2.6
"360",360,"ITA",2001,1.77718205898699,2.08458694632167,22.157219,9.00373250780134,2.3
"361",361,"ITA",2002,0.249445749981606,0.735080873553735,20.669525,8.51783010672416,2.6
"362",362,"ITA",2004,1.22219104244549,4.06334295156893,20.533606,7.96451078854562,2.3
"363",363,"ITA",2005,1.00086841292526,4.15485996132671,21.064236,7.69882577662718,2.2
"364",364,"ITA",2006,1.88170960429875,8.35268656908474,20.075226,6.79366353671517,2.2
"365",365,"ITA",2007,1.34362572438961,4.89926911111473,20.022511,6.1303660281611,2
"366",366,"ITA",2008,-0.964510919374223,-4.25710385612596,19.150309,6.72602342392347,3.5
"367",367,"ITA",2009,-5.32153741392417,-12.9817451325682,21.167088,7.73437994689669,0.8
"368",368,"ITA",2010,1.67211179636273,11.8179617477291,22.984301,8.33109515450585,1.6
"369",369,"ITA",2011,0.845302337102423,1.2066868726331,23.157768,8.41620970473191,2.9
"370",370,"ITA",2012,-3.01485670939791,-8.25615183874738,24.617849,10.6825849938688,3.3
"371",371,"ITA",2013,-1.86096231630192,-2.65808865320681,26.099258,12.1322967750661,1.2
"372",372,"ITA",2014,0.0705260529889236,3.33325282659571,27.712954,12.6201927896813,0.2
"373",373,"ITA",2015,0.65857233245316,6.30992328373932,27.383543,11.910772169788,0.1
"374",374,"ITA",2016,1.40560657584755,4.14724410840881,26.017776,11.6712659415751,-0.1
"375",375,"ITA",2017,1.73271204583494,6.53564430968755,25.112749,11.2606268633487,1.3
"376",376,"ITA",2018,0.675962966687281,2.8341759869261,23.862879,10.6300934022729,1.2
"377",377,"JPN",2005,1.66262853317642,6.09986645677753,12.403982,4.42665263368918,-0.3
"378",378,"JPN",2006,1.41998642224535,4.70723241960067,12.038647,4.12514223550448,0.3
"379",379,"JPN",2007,1.65420468527534,2.18454686601804,11.671296,3.8407359852404,0.1
"380",380,"JPN",2008,-1.09352100689508,0.696754655874723,11.345651,3.96534072464853,1.4
"381",381,"JPN",2009,-5.41641279672741,-15.6504123407221,12.200111,5.04454384843814,-1.3
"382",382,"JPN",2010,4.19173925859665,11.1727693921827,11.961289,5.02871216214519,-0.7
"383",383,"JPN",2011,-0.115441663953381,5.80417419482358,11.705898,4.58508111386264,-0.3
"384",384,"JPN",2012,1.49511023787713,5.40959753299516,11.501273,4.3465014725297,-0.1
"385",385,"JPN",2013,2.00026784110449,3.27358776682382,10.834349,4.036203213288,0.3
"386",386,"JPN",2014,0.374739131169666,8.26771082590095,9.8242168,3.59128910633897,2.8
"387",387,"LTU",2005,7.72740790678451,20.34039583561,11.414634,8.32427941458425,2.7
"388",388,"LTU",2010,1.48223254199141,16.4946842790704,18.010651,17.8136785073201,1.2
"389",389,"LTU",2014,3.50797111947489,-1.67202939760614,14.185811,10.6986899563319,0.2
"390",390,"LTU",2015,2.03314832791339,9.35310399844749,13.743647,9.11922389583865,-0.7
"391",391,"LTU",2016,2.55593956413743,3.95080727734724,11.403278,7.86098609184123,0.7
"392",392,"LTU",2017,4.24757665790897,11.4753141740943,11.22066,7.07340912598383,3.7
"393",393,"LTU",2018,3.64475657362945,6.02200979509367,10.495108,6.1478067929681,2.5
"394",394,"LUX",1997,5.71729059627848,11.4295983714353,11.179894,3.03874150981179,1.4
"395",395,"LUX",1998,6.02927534331931,13.9540908302073,10.454355,2.81482348119209,1
"396",396,"LUX",1999,8.46053426948402,12.8413074751995,10.365949,2.66919555796196,1
"397",397,"LUX",2000,8.21270261681082,13.7257761407709,8.1047812,2.38479385114807,3.8
"398",398,"LUX",2001,2.52430332283376,6.62211724951453,8.1836967,2.21082970733329,2.4
"399",399,"LUX",2002,3.83615696354679,1.0657064396533,7.4769335,2.48919210967233,2.1
"400",400,"LUX",2003,1.66116468481574,4.62278791898834,7.02807,3.28643374619628,2.5
"401",401,"LUX",2004,3.64263985921974,11.6007747742714,8.7442093,3.69376388215054,3.2
"402",402,"LUX",2005,3.19066288083652,5.73590179231331,7.3330355,4.09640017473138,3.8
"403",403,"LUX",2006,5.17300439779876,12.4356800520999,8.56042,4.23013623659731,3
"404",404,"LUX",2007,8.33728071226749,6.76414574453371,8.9448242,4.17874685801176,2.7
"405",405,"LUX",2008,-1.30629093508213,9.34188111920464,8.478632,4.15135568244928,4.1
"406",406,"LUX",2009,-4.37291222216051,-13.7894469383376,7.9304276,5.4611546679977,0
"407",407,"LUX",2010,4.85757723952951,12.2291541119635,7.1424961,5.81353710022012,2.8
"408",408,"LUX",2011,2.54931048893644,5.33918089570465,7.2376733,5.66086296778554,3.7
"409",409,"LUX",2012,-0.359762479948387,4.76013797811761,8.1754742,6.09580534558483,2.9
"410",410,"LUX",2013,3.65683320465144,5.05361739262539,6.0610461,6.82120741684095,1.7
"411",411,"LUX",2014,4.2998902958369,19.4128815232873,8.211834,7.07454488617802,0.7
"412",412,"LUX",2015,4.31541984178177,3.47520077878941,8.425355,6.770171444263,0.1
"413",413,"LUX",2017,1.80339938801435,0.670449603465443,7.7415361,5.91506961865893,2.1
"414",414,"LUX",2018,3.12302401900021,-0.34466335857494,8.3878117,5.45112091680889,2
"415",415,"LVA",2002,7.1159670720742,2.71092259745364,17.464884,12.4826704980176,2
"416",416,"LVA",2003,8.43638384632277,11.8651777990894,16.935297,11.6485444895609,2.9
"417",417,"LVA",2004,8.34135916023317,21.0281355516684,17.945957,11.732930776235,6.2
"418",418,"LVA",2005,10.7433819978121,16.8591390045605,17.229177,10.0085940477348,6.9
"419",419,"LVA",2006,11.8880966890021,21.3884380663277,14.360036,7.00583200755801,6.6
"420",420,"LVA",2007,10.010851453342,17.3493057932882,14.799329,6.04134600231529,10.1
"421",421,"LVA",2008,-3.34636707932156,-10.731510816364,11.965773,7.75318932257157,15.3
"422",422,"LVA",2009,-14.2381467273088,-31.7141461721017,20.202469,17.5461061371915,3.3
"423",423,"LVA",2010,-4.47344119778777,12.4119782007187,22.762682,19.4830421150135,-1.2
"424",424,"LVA",2011,6.2851186149343,22.0312962775261,19.562572,16.1983225080152,4.2
"425",425,"LVA",2012,4.13423164998348,5.38115219514578,19.086819,15.0213744021176,2.3
"426",426,"LVA",2013,2.32800426344405,0.366041267047881,15.771196,11.8416216536454,0
"427",427,"LVA",2014,1.91519037794337,2.97888915939206,14.520842,10.8268184884675,0.7
"428",428,"LVA",2015,3.26052438137854,1.67966924151422,12.961889,9.88364765538897,0.2
"429",429,"LVA",2016,1.77380957693411,3.81383486595182,14.443724,9.64937711672355,0.1
"430",430,"LVA",2017,3.78731375779992,8.3586966704429,13.85772,8.70834599810826,2.9
"431",431,"LVA",2018,4.28482516344699,6.40415505010901,11.176793,7.46146620298706,2.6
"432",432,"MEX",1997,6.84685229331881,23.1131362432676,25.43222,5.04697357749254,20.6
"433",433,"MEX",1998,5.16392515018834,14.8042756890108,25.230703,4.56984386056169,15.9
"434",434,"MEX",1999,2.75355426450233,11.513403514545,24.094904,3.49643762272807,16.6
"435",435,"MEX",2000,4.94245371447369,20.296531652642,24.628597,3.57116282593823,9.5
"436",436,"MEX",2001,-0.40439013054324,-0.841021617031258,24.593536,3.54623713440878,6.4
"437",437,"MEX",2002,-0.039844485350404,1.20780329749285,24.238504,3.86871855810633,5
"438",438,"MEX",2003,1.44638267987643,2.51063650041795,24.757845,3.96735062443532,4.6
"439",439,"MEX",2004,3.92059082207201,6.48321775020683,24.243135,4.65664886447911,4.7
"440",440,"MEX",2005,2.30780706214878,5.37914188347729,23.716904,3.55789847544958,4
"441",441,"MEX",2006,4.49507787981221,8.68559924118842,23.233076,3.56595537366267,3.6
"442",442,"MEX",2007,2.29144574562414,4.8264230357475,23.328405,3.64515577519595,4
"443",443,"MEX",2008,1.14358458026459,3.28147655789225,23.433718,3.90360847201751,5.1
"444",444,"MEX",2009,-5.28574413961973,-15.948985385637,24.376291,5.37921358083805,5.3
"445",445,"MEX",2010,5.11811812878695,17.0553108246546,23.702183,5.32899337857878,4.2
"446",446,"MEX",2011,3.66300792974606,5.61802980214365,24.020403,5.19454211362275,3.4
"447",447,"MEX",2012,3.64232267964854,5.41656497966805,22.88249,4.9230801078861,4.1
"448",448,"MEX",2013,1.35409198028131,2.11830862760702,22.298733,4.94288088595205,3.8
"449",449,"MEX",2014,2.80434011882107,5.91857566481542,22.379408,4.83136733937461,4
"450",450,"MEX",2015,3.28799161118471,5.91928579708406,21.938206,4.33567260419327,2.7
"451",451,"MEX",2016,2.91054644845807,2.84886352182523,21.765724,3.88451523317016,2.8
"452",452,"MEX",2017,2.11808508367255,6.36964368270834,21.198429,3.43795218996227,6
"453",453,"MEX",2018,2.13595553133927,5.87854789028872,20.878084,3.30073669808083,4.9
"454",454,"NLD",1997,4.50661490293271,11.4712208212475,7.8616352,6.35256448854794,1.9
"455",455,"NLD",1998,4.55868738797298,8.04752843297783,7.3967338,5.03560145879306,1.8
"456",456,"NLD",1999,4.92677560216565,9.52222973111343,6.8211489,4.12323324510345,2
"457",457,"NLD",2001,2.33182744752355,2.4175477672821,6.7274003,2.97396410704746,5.1
"458",458,"NLD",2002,0.21804379719235,0.229923457105519,7.0675106,3.62323354133467,3.9
"459",459,"NLD",2003,0.212533071891914,2.20997905372507,7.7114429,4.83654139932783,2.2
"460",460,"NLD",2004,1.76065185999216,5.86922604736815,7.5357141,5.66754457050244,1.4
"461",461,"NLD",2005,2.05515533839934,5.50760700847371,7.2649574,5.89267979494999,1.5
"462",462,"NLD",2006,3.61749353154862,8.01219302764898,6.2001452,5.01176893002474,1.7
"463",463,"NLD",2007,3.76923771479455,7.83548372565075,6.7160082,4.16043481236009,1.6
"464",464,"NLD",2008,2.17741572528017,-0.667908448869864,5.1138353,3.65436699256641,2.2
"465",465,"NLD",2009,-3.67311521045862,-7.78998772957568,6.9999967,4.35557504074417,1
"466",466,"NLD",2010,1.29697119349091,8.33621741988276,6.7656198,5.00043041195207,0.9
"467",467,"NLD",2011,1.54038063366718,3.83475274078954,6.8752151,4.9748436095116,2.5
"468",468,"NLD",2012,-1.03035952182308,2.17008671760969,6.7111859,5.8315904508884,2.8
"469",469,"NLD",2013,-0.0801066091695864,2.36699650552883,8.8733149,7.2625123861873,2.6
"470",470,"NLD",2014,1.43003783763534,3.27228861813646,9.2209091,7.4375663313704,0.3
"471",471,"NLD",2015,1.96020494394771,14.5287614185625,8.2679853,6.89710009354537,0.2
"472",472,"NLD",2016,2.13754970034892,-2.06621050784782,7.8377733,6.02637587958432,0.1
"473",473,"NLD",2017,3.02019611626244,6.42429945547108,7.5493064,4.85519433714676,1.3
"474",474,"NLD",2018,2.54731284521542,3.21849073705824,6.9547057,3.8367048723686,1.6
"475",475,"NOR",1997,5.28458464230692,12.4608696184877,8.8461227,3.89518113178868,2.6
"476",476,"NOR",1998,2.62443372461479,8.762898765459,6.8273287,3.07800880612068,2.3
"477",477,"NOR",1999,2.01284825414677,-1.55695160695238,6.1217275,3.08243795035979,2.4
"478",478,"NOR",2000,3.20500389898131,2.01504243935114,6.952095,3.33090410254212,3.1
"479",479,"NOR",2001,2.07476642986496,1.73835128427203,7.4886303,3.51191046651546,3
"480",480,"NOR",2002,1.44629199682922,0.99411114960033,8.0097742,3.76299178464563,1.3
"481",481,"NOR",2003,0.910078541712276,1.23137805619914,8.7400818,4.04518021081265,2.5
"482",482,"NOR",2004,3.96940992559082,9.00624741289342,8.6164799,4.18516169942929,0.5
"483",483,"NOR",2005,2.62542497058926,7.9156837245309,8.0551815,4.38161063985758,1.5
"484",484,"NOR",2006,2.39984538640483,9.07600130427684,7.8947368,3.39830238835689,2.3
"485",485,"NOR",2007,2.99423947682926,10.0198918094821,7.5164137,2.49261429072154,0.7
"486",486,"NOR",2008,0.476383618686429,3.20122451705959,6.6740332,2.54901770743481,3.8
"487",487,"NOR",2009,-1.72700999783781,-10.3133848126789,7.9809151,3.10334467285009,2.2
"488",488,"NOR",2010,0.701855868884035,8.41648828817805,8.4465199,3.52134410987443,2.4
"489",489,"NOR",2011,0.981405170609885,3.9450155072606,8.4577112,3.21500143143431,1.3
"490",490,"NOR",2012,2.70313372409369,2.85718627282851,8.3960152,3.12406324940048,0.7
"491",491,"NOR",2013,1.03404928292406,4.97314409328346,9.0836496,3.42363411940491,2.1
"492",492,"NOR",2014,1.96949930594208,2.00225577968145,9.2755718,3.48438777478711,2
"493",493,"NOR",2015,1.96713988063149,1.93447101397857,9.1583672,4.29685730592573,2.2
"494",494,"NOR",2016,1.07158044385304,2.6728542769439,9.4090204,4.6790598522212,3.6
"495",495,"NOR",2017,2.32329160146061,1.8784882073051,8.8167057,4.16141807208171,1.9
"496",496,"NOR",2018,1.28950109896173,1.87481514344868,8.6749754,3.80021132183599,2.8
"497",497,"NZL",2004,4.42693009516003,16.7760573145366,12.731203,4.00996559496975,2.3
"498",498,"NZL",2005,2.56473012277237,6.22216944724815,11.965304,3.82217090069284,3
"499",499,"NZL",2006,2.74810346454159,-2.41648501108566,11.960715,3.85656292286874,3.4
"500",500,"NZL",2007,3.9416902062663,9.33251871085993,11.966498,3.58968659702156,2.4
"501",501,"NZL",2008,-0.420375480002286,3.25160659402066,12.102703,3.99780340472268,3.9
"502",502,"NZL",2009,0.351704776714383,-14.448804248554,14.782221,5.84365749369587,2.2
"503",503,"NZL",2010,2.01027496984077,10.9028725065734,15.281414,6.13643781960614,2.3
"504",504,"NZL",2011,1.93650664192718,6.91825020499842,14.262648,5.95186935969059,4.1
"505",505,"NZL",2012,2.54029213359532,2.69094182964035,14.812828,6.3720781300032,1
"506",506,"NZL",2013,2.20767884051756,6.40170149205267,14.114371,5.75783234546994,1.1
"507",507,"NZL",2014,3.17772349034277,7.85217285156246,12.936568,5.37568095384932,1.2
"508",508,"NZL",2015,4.07271415623088,3.85529554907902,13.294979,5.36379188890007,0.3
"509",509,"NZL",2016,4.15772424917023,3.48604356532756,11.323588,5.09572616515181,0.6
"510",510,"NZL",2017,3.77376198764547,6.85438222362632,11.173238,4.70125491665106,1.9
"511",511,"NZL",2018,3.16294901625458,5.81720522833951,10.16933,4.28636989444699,1.6
"512",512,"POL",1997,6.98660936003485,22.8975757078259,18.824123,11.1973004882557,14.9
"513",513,"POL",1998,4.91577175968495,18.7140805978526,17.580387,10.5262666498575,11.8
"514",514,"POL",1999,4.45028741453011,1.16013093721624,19.94841,13.847833625001,7.3
"515",515,"POL",2000,4.47323579652305,13.624148613253,22.077456,16.0168366140602,10.1
"516",516,"POL",2001,1.27789013994739,-3.76254513325073,20.697313,18.1611211877942,5.5
"517",517,"POL",2002,1.4446218360285,2.59407553560371,20.992304,19.8432367155738,1.9
"518",518,"POL",2003,3.5624852945705,9.61136343213804,20.533424,19.5557412825582,0.8
"519",519,"POL",2004,5.13562936825396,8.11660202833497,20.341841,18.8895980560139,3.5
"520",520,"POL",2005,3.49320619350254,6.26302183430861,18.37056,17.66664420988,2.1
"521",521,"POL",2006,6.17936086502302,18.1190317757979,17.429583,13.7791335218275,1
"522",522,"POL",2007,7.03522440029234,15.7884945295011,15.541375,9.55920274965849,2.5
"523",523,"POL",2008,4.2496794237372,9.52640829687228,13.661988,7.08616239154486,4.2
"524",524,"POL",2009,2.82015637806705,-12.384193995815,14.222003,8.12984211324656,3.4
"525",525,"POL",2010,3.60755266014385,14.3416521276832,15.0195,9.57957914105054,2.6
"526",526,"POL",2011,5.01729124613627,5.80914119229248,15.475976,9.61965756110312,4.3
"527",527,"POL",2012,1.60787965523544,-0.27518210969528,15.982306,10.1274767109855,3.7
"528",528,"POL",2013,1.39192456159872,1.68132964579797,16.951569,10.3260713155092,0.9
"529",529,"POL",2014,3.31842047084081,10.0094829957802,15.841155,8.95601635933128,0
"530",530,"POL",2015,3.83907681564185,6.60765256843609,15.646258,7.46090434332245,-0.9
"531",531,"POL",2016,3.06385373740669,7.64031556881471,15.053272,6.13074486090818,-0.6
"532",532,"POL",2017,4.93765310551705,9.78363330072979,13.255484,4.86441070807741,2
"533",533,"POL",2018,5.34902717878574,7.61819541586021,12.690605,3.87419439503077,1.6
"534",534,"PRT",1997,4.40086794108844,10.27360135548,12.875874,6.83282381133674,1.9
"535",535,"PRT",1998,4.80796344765228,14.6362485389396,12.117728,5.07320511561353,2.2
"536",536,"PRT",1999,3.90657650066766,9.01776413525146,11.284226,4.51454687325833,2.2
"537",537,"PRT",2000,3.81617788142071,5.53773128692607,10.52566,4.02790932325602,2.8
"538",538,"PRT",2001,1.9436724647839,1.01003922912365,9.9320593,4.00947148726684,4.4
"539",539,"PRT",2002,0.770924127311273,-0.284464129969902,10.655678,4.99512861832844,3.7
"540",540,"PRT",2003,-0.930520583317987,-0.216451550360027,12.056698,6.26400371745502,3.2
"541",541,"PRT",2004,1.78873518938406,7.41951669033055,12.696774,6.62285859214683,2.5
"542",542,"PRT",2005,0.78184811549476,2.18504893310357,12.866458,7.58184714542062,2.1
"543",543,"PRT",2006,1.62503385475943,7.55939765233687,12.392595,7.64733959133577,3
"544",544,"PRT",2007,2.50657995404657,5.59847595608449,13.425179,7.96381807830986,2.4
"545",545,"PRT",2008,0.319248579222734,2.23118932617543,12.222537,7.55207039384237,2.7
"546",546,"PRT",2009,-3.1220801030941,-9.49540214638708,12.796033,9.43160638525727,-0.9
"547",547,"PRT",2010,1.73762581017077,7.80111911408108,13.465281,10.7702186377154,1.4
"548",548,"PRT",2011,-1.69616571157498,-6.18079308739139,15.288321,12.6771979919864,3.6
"549",549,"PRT",2012,-4.0572943990949,-6.27645424278398,16.616079,15.5264184594805,2.8
"550",550,"PRT",2013,-0.922643753131695,4.68059486833742,17.317533,16.1833440563146,0.4
"551",551,"PRT",2014,0.792190504193908,7.92076260506977,17.697248,13.8936863407376,-0.2
"552",552,"PRT",2015,1.79204686684919,8.04989252124456,15.342356,12.4442391257272,0.5
"553",553,"PRT",2016,2.01948620639802,5.01220863829703,15.615495,11.0664265609687,0.6
"554",554,"PRT",2017,3.50634326605282,8.10221010996802,12.430303,8.86735607849524,1.6
"555",555,"PRT",2018,2.63724551425195,5.73111895325854,11.576732,6.99365516186981,1.2
"556",556,"SVK",1997,5.92583679373975,9.51401797572276,22.587065,11.8821966784177,6
"557",557,"SVK",1998,4.07609971533983,-1.84621268999127,23.755053,12.6050921233081,6.7
"558",558,"SVK",1999,-0.105916496078038,-3.73364997694842,26.714611,16.3531327239201,10.5
"559",559,"SVK",2000,1.16652715796094,6.31873590796253,30.405958,18.7570064556032,12.2
"560",560,"SVK",2001,3.25378684304689,18.8710001337644,31.39106,19.3025288317215,7.1
"561",561,"SVK",2002,4.5094415327187,5.48479937451069,26.808008,18.6276947797311,3.5
"562",562,"SVK",2003,5.49908387750747,8.10533254689905,23.864279,17.5008813804801,8.4
"563",563,"SVK",2004,5.27888034834336,22.570514754277,21.789726,18.1332101128787,7.5
"564",564,"SVK",2005,6.62346160878338,14.9213969980896,20.547691,16.1692389166288,2.8
"565",565,"SVK",2006,8.49317693116964,19.1553991870767,19.12525,13.3109208878342,4.3
"566",566,"SVK",2007,10.8320279365538,9.67826814066487,17.211323,11.0168451847308,1.9
"567",567,"SVK",2008,5.5748863445149,4.10803558956406,16.171618,9.5663644470868,4
"568",568,"SVK",2009,-5.45553223748065,-18.9079843939136,16.115896,12.0512272418889,0.9
"569",569,"SVK",2010,5.72084479930396,16.6166981669205,18.822512,14.3728062072788,0.7
"570",570,"SVK",2011,2.86444293357298,7.81699321222048,19.120066,13.6056642847814,4.1
"571",571,"SVK",2012,1.89581082641791,2.1057625715929,18.792595,13.9480320342882,3.7
"572",572,"SVK",2013,0.670844582231599,5.62543430814866,19.110228,14.2167920376389,1.5
"573",573,"SVK",2014,2.75243433140044,4.54692044213374,18.712257,13.1783444170923,-0.1
"574",574,"SVK",2015,4.82191851917243,8.51914857998715,17.206007,11.47630786086,-0.3
"575",575,"SVK",2016,2.12331902206172,4.83428362988451,15.899045,9.64513936097892,-0.5
"576",576,"SVK",2018,3.89674445331513,4.92646378800885,15.148472,6.54886792797067,2.5
"577",577,"SVN",2003,2.96026018274933,6.46448848162417,10.036363,6.73848091774816,5.5
"578",578,"SVN",2004,4.3591930749998,13.9681629582031,9.2399216,6.34983079268025,3.6
"579",579,"SVN",2005,3.79797038144233,7.33689316147442,10.061885,6.56738340543511,2.5
"580",580,"SVN",2006,5.74639719505669,12.3885592078321,10.769654,6.00365001648014,2.5
"581",581,"SVN",2007,6.98016231263603,17.0572675202323,10.104271,4.86343215274859,3.7
"582",582,"SVN",2008,3.50984129743186,4.0901814979185,8.4530506,4.41352842900493,5.7
"583",583,"SVN",2009,-7.54843875458736,-18.3853643761829,9.0366173,5.90069561045814,0.8
"584",584,"SVN",2010,1.34374848740912,6.63272988328644,8.7568846,7.2491598655785,1.8
"585",585,"SVN",2011,0.861329108844557,5.31386678177005,10.744351,8.21279725422898,1.8
"586",586,"SVN",2012,-2.63943870901006,-3.53530537387672,10.971951,8.88011840157869,2.6
"587",587,"SVN",2013,-1.02928404529468,2.11146895945143,13.162342,10.1190476190476,1.8
"588",588,"SVN",2014,2.76815811180459,4.15700969504458,13.662683,9.72427375677004,0.2
"589",589,"SVN",2015,2.21008171575354,4.31852146791505,14.600477,9.00074386312917,-0.5
"590",590,"SVN",2016,3.12169962602815,6.65028405622851,11.576782,8.01708972103545,-0.1
"591",591,"SVN",2017,4.83338297195973,10.1344827173819,10.914832,6.59849038227416,1.4
"592",592,"SVN",2018,4.11821775599952,6.59707912876867,9.6732864,5.12820512820515,1.7
"593",593,"SWE",1997,3.26717629891677,12.6854872182869,12.023903,11.6651916143574,1.8
"594",594,"SWE",1998,4.22519894707957,10.8052412914301,9.3701649,9.70804611704556,1
"595",595,"SWE",1999,4.00054087278796,4.98114774636456,8.1244774,8.19741469048498,0.6
"596",596,"SWE",2000,4.90097781400469,12.5033875821934,7.8992057,6.74843225650625,1.3
"597",597,"SWE",2001,1.60973210260884,-1.35911251980983,7.3366227,5.83373801524733,2.7
"598",598,"SWE",2002,2.2154123854322,-1.09944346619025,7.9464817,5.95207277172545,1.9
"599",599,"SWE",2003,2.44981254917913,3.33049157261998,8.4056606,6.56575331429646,2.3
"600",600,"SWE",2004,3.79139050132148,6.0548104858488,9.5359077,7.37346727545128,1
"601",601,"SWE",2005,2.85619401821416,6.82332069433332,9.180994,7.65194709590195,0.8
"602",602,"SWE",2006,4.8883469515632,8.85193172751992,10.463096,7.05515303186904,1.5
"603",603,"SWE",2007,3.56816081879753,8.28560919077577,10.078616,6.12782912953039,1.7
"604",604,"SWE",2008,-0.614719415354996,2.72170393597557,8.7471857,6.18472323844204,3.3
"605",605,"SWE",2009,-4.23531806853151,-14.3879940513047,10.992398,8.30647160922391,1.9
"606",606,"SWE",2010,5.70662086845784,10.9505691477171,10.270392,8.57898052904135,1.9
"607",607,"SWE",2011,3.25312865906178,7.12166267583111,9.0556602,7.77062782765021,1.4
"608",608,"SWE",2012,-0.272171456396181,1.58460117045906,9.6956758,7.96127286777512,0.9
"609",609,"SWE",2013,1.13267571331183,-0.242929727786241,9.3649673,8.01648367763949,0.4
"610",610,"SWE",2014,2.75114217072932,6.52237574366477,9.4477053,7.92540942481121,0.2
"611",611,"SWE",2015,4.22340024213303,5.7321795961252,9.0771637,7.39726377007629,0.7
"612",612,"SWE",2016,1.85353393522509,4.13395742091753,8.2297888,6.94215868062027,1.1
"613",613,"SWE",2017,2.81795481190218,5.09989941824321,8.0416346,6.66755484776473,1.9
"614",614,"SWE",2018,2.05076433357916,3.99847840064711,8.858016,6.32283815513177,2
"615",615,"TUR",1997,7.52879999639507,22.4382467493642,37.962936,6.31831369952236,85.7
"616",616,"TUR",1998,3.09186428396994,2.33421362071387,35.147999,6.37305176759311,84.7
"617",617,"TUR",1999,-3.38930487936594,-3.41139750249492,35.223904,7.15499248487279,64.9
"618",618,"TUR",2000,6.64006112238255,21.2455942228193,37.831131,5.99694724505563,55
"619",619,"TUR",2001,-5.96231075811774,-24.1872807389827,38.885899,7.80368561100224,54.2
"620",620,"TUR",2002,6.43027862055741,20.8162578702128,39.63892,9.76432090597909,45.1
"621",621,"TUR",2003,5.60825512088389,24.2020566043348,41.139103,9.92514589279817,25.3
"622",622,"TUR",2004,9.64432256794817,20.207011298258,41.908875,9.68769669845131,8.6
"623",623,"TUR",2005,9.00985329961601,11.9255214644984,43.584148,9.50076923076923,8.2
"624",624,"TUR",2006,7.10970343224251,7.6724745685842,42.636936,9.03424897009866,9.6
"625",625,"TUR",2007,5.03045758948307,9.44692753435689,41.328671,9.15623083022877,8.8
"626",626,"TUR",2008,0.845251451854485,-2.61012222539228,41.989979,10.0245798663584,10.4
"627",627,"TUR",2009,-4.7044658988025,-14.5702762978781,39.581005,13.0271628860479,6.3
"628",628,"TUR",2010,8.48737212590956,21.043870728026,36.625298,11.1087791750588,8.6
"629",629,"TUR",2011,11.1134955806521,12.3022534192014,34.623466,9.12410663049714,6.5
"630",630,"TUR",2013,8.49130930149762,10.244705250079,31.256966,9.03577963313193,7.5
"631",631,"TUR",2014,5.16669071953756,-0.356505566594499,31.558617,9.93811483361667,8.9
"632",632,"TUR",2015,6.0858866193665,1.60418281740114,28.777969,10.28676641883,7.7
"633",633,"TUR",2016,3.18383155065383,3.68054157749359,28.202929,10.9009161396636,7.8
"634",634,"TUR",2017,7.47086688186366,10.3737239813293,27.224148,10.9092680973904,11.1
"635",635,"TUR",2018,2.82677611934502,-7.78074264054794,26.480194,10.9916559277519,16.3
"636",636,"USA",1997,4.44722097583752,13.4673719783771,12.569969,4.93662311110459,2.3
"637",637,"USA",1998,4.48140528786465,11.6887974293264,12.225907,4.50604603191704,1.5
"638",638,"USA",1999,4.75323806559457,11.2985010898975,12.555514,4.21796779665172,2.2
"639",639,"USA",2000,4.12747798385729,12.8850558159969,12.244109,3.98713288903928,3.4
"640",640,"USA",2001,0.998346544640801,-2.80282567183788,13.33735,4.75038936905115,2.8
"641",641,"USA",2002,1.74169710228507,3.63674109196306,13.555201,5.78171553029933,1.6
"642",642,"USA",2003,2.8612032500104,4.91763273738365,14.292315,5.98653920320548,2.3
"643",643,"USA",2004,3.7988984683008,11.3988666462587,13.935595,5.52303999592889,2.7
"644",644,"USA",2005,3.51320846853816,6.52862912066243,13.13805,5.07678052102463,3.4
"645",645,"USA",2006,2.85497233991564,6.63072780733786,12.944772,4.6174650752433,3.2
"646",646,"USA",2007,1.87617637838798,2.49776195229811,13.182693,4.61910543642177,2.9
"647",647,"USA",2008,-0.13657980103007,-2.22672550582102,14.720297,5.79849761779919,3.8
"648",648,"USA",2009,-2.53675858616201,-13.0835019937752,16.870991,9.27084920946331,-0.3
"649",649,"USA",2010,2.56376815994296,13.1277475734632,16.131824,9.62280877038789,1.6
"650",650,"USA",2011,1.55083385348708,5.63562888001817,15.853355,8.94295800777223,3.1
"651",651,"USA",2012,2.24954739508477,2.70667183825206,15.19755,8.06539383530338,2.1
"652",652,"USA",2013,1.84208101403917,1.54338961989158,16.004404,7.37259822927224,1.5
"653",653,"USA",2014,2.52597100052836,4.99753608098069,15.047262,6.15800919594044,1.6
"654",654,"USA",2015,2.90802035372704,5.28848053232299,14.380193,5.27778912071495,0.1
"655",655,"USA",2016,1.63783938929696,1.9911396058778,14.118049,4.87260731393622,1.3
"656",656,"USA",2017,2.36979959780122,4.7066420807263,13.280724,4.35322090003471,2.1
"657",657,"USA",2018,2.92732695067669,4.36627876927485,12.685773,3.8922942364243,2.4
